Sl No,Clinic Name,Area / Locality,Zone,Has Website?,Google Rating,Google Reviews Count,Phone / Contact Number,Tailored Pitch Angle,WhatsApp Direct Link
1,Dezigner Smiles Dental Clinic,Shanthi Nagar / Ramamurthy Nagar,Central,No (Justdial / Practo only),4.9,1700+,'+91 77995 83555,"With 1700+ 5-star reviews, showcase your high-rated aesthetic work on a luxury before/after website to win 1L+ cosmetic veneers and aligner cases directly.",https://wa.me/917799583555
2,Pure Smiles Dental Specialist,"15th Cross, Malleshwaram",Central / North-West,No (Google Maps / Practo only),4.8,210+,'+91 63601 66198 / +91 94490 45534,Launch an interactive clear aligners cost calculator and 3D timeline on your own domain to double high-ticket Invisalign patient inquiries.,https://wa.me/916360166198
3,Dental Care Centre,"DVG Road, Basavanagudi",Central / South,No (Directory listing only),4.7,140+,080 2661 4522 / +91 98451 78210,Integrate 1-tap WhatsApp booking to convert younger tech-savvy family members managing appointments for their parents.,https://wa.me/919845178210
4,Nanda Dental Clinic,"8th Cross, Malleshwaram",Central / North-West,No (Practo profile only),4.6,95+,080 2334 5689 / +91 98860 34120,Local SEO landing page ensures your decades of clinical trust are visible to new apartment residents searching for best family dentist.,https://wa.me/919886034120
5,Beyond Dental Clinic,Millers Road / Vasanth Nagar,Central,No (Aggregator only),4.6,85+,080 2226 6732 / +91 98450 12390,Capture direct consultations from nearby consulates and corporate offices without paying third-party aggregator lead fees.,https://wa.me/919845012390
6,Ashirwad Dental Clinic,"6th Phase, JP Nagar",South,No (Aggregator only),4.5,1000+,'+91 94805 14054 / 080 2665 1405,"With 1000+ reviews, reclaim thousands of direct Google search visits lost each month to Practo and Justdial commissions.",https://wa.me/919480514054
7,Ujwala Dental Care,"1st Phase, JP Nagar",South,No (Practo / Maps only),4.9,430+,'+91 99160 55412 / 080 2664 3320,Embed 430+ 5-star reviews on a dedicated site to stop paying fees for patients already searching specifically for Dr. Srimani.,https://wa.me/919916055412
8,Ashwini Dental Care,"5th Phase, JP Nagar",South,No (Justdial only),4.8,280+,'+91 94830 55416 / 080 2658 4410,24/7 emergency response landing page with 1-tap calling to capture high-urgency midnight toothache cases in JP Nagar.,https://wa.me/919483055416
9,Saraswathi Dental Clinic,"2nd Phase, JP Nagar",South,No (Practo listing only),4.8,150+,'+91 99021 61589 / 080 2659 0441,Automated WhatsApp appointment funnel cuts reception phone load by 60% and captures appointment requests around the clock.,https://wa.me/919902161589
10,Roshans Dental Clinic,"2nd Phase, JP Nagar",South,No (Directory only),4.8,130+,080 2658 9120 / +91 94480 56712,High-converting case studies on prosthodontics and implants to establish the practice as South Bangalore's premier specialist.,https://wa.me/919448056712
11,Jayanagar Dental Clinic,"3rd Block, Jayanagar",South,No (Directory only),4.5,110+,080 2663 1474 / +91 98864 80089,Modern web presence with transparent treatment pricing guides to win patients currently comparing options with corporate chains.,https://wa.me/919886480089
12,Spectrum Dental Clinic,"1st Phase, JP Nagar",South,No (Practo only),4.7,80+,080 4120 7890 / +91 98453 22109,Multi-specialist schedule and OPD calendar website to clarify doctor availability and boost pre-scheduled consultations.,https://wa.me/919845322109
13,Smilez Multi Speciality Clinic,"9th Phase, JP Nagar",South,No (Justdial only),4.6,75+,'+91 97400 32190 / 080 2686 0192,Laser dentistry landing page with procedure videos to ease dental anxiety and boost high-margin elective bookings.,https://wa.me/919740032190
14,Nagu Dental Clinic,"5th Phase, JP Nagar",South,No (Practo listing only),4.5,60+,'+91 98456 71209 / 080 2659 4432,Pediatric and family care landing page with child hygiene checkup packages to convert local parents into repeat family retainers.,https://wa.me/919845671209
15,Banashankari Dental Care & Surgery,Hosakerehalli,South-West,No (Directory only),4.7,160+,'+91 98452 33410 / 080 2672 5590,Online pre-intake and post-op care instruction portal to streamline high-volume wisdom tooth extractions and surgical cases.,https://wa.me/919845233410
16,Impressions Dental Clinic,Basavanagudi,South,No (Practo profile only),4.8,140+,'+91 98863 11204 / 080 2667 9901,Before/After interactive photo comparison slider for aesthetic crowns and veneers to turn browsing leads into booked consultations.,https://wa.me/919886311204
17,Sri Venkateshwara Dental Clinic,"3rd Stage, Banashankari",South-West,No (Maps only),4.6,110+,'+91 98450 78190 / 080 2679 4430,Own website protects your brand from aggregator profile pages that display competitor clinic ads right next to your phone number.,https://wa.me/919845078190
18,Mahalasa Dental Clinic,"3rd Stage, Banashankari",South-West,No (Justdial / Practo),4.6,90+,'+91 98861 44520 / 080 2679 0180,Localized landing page integrated with Google Maps Schema to secure the top 3 spot on Google Maps in Banashankari.,https://wa.me/919886144520
19,Moksha Dental Clinic,Basavanagudi,South,No (Practo listing only),4.7,85+,'+91 99002 44109 / 080 2660 7712,Cosmetic smile packages tailored for college students and young professionals in dense commercial areas of Basavanagudi.,https://wa.me/919900244109
20,Udaya Dental Clinic,"1st Stage, Banashankari",South-West,No (Directory only),4.5,70+,'+91 94481 29014 / 080 2671 1120,Transparent pricing package pages for root canals and cleanings to remove first-time patient hesitation.,https://wa.me/919448129014
21,Salecha Dental Clinic,Basavanagudi,South,No (Practo profile only),4.5,65+,080 2661 1902 / +91 98455 01923,Clean appointment booking link that existing patients can easily forward over WhatsApp to family and friends.,https://wa.me/919845501923
22,Sri Sai Speciality Dental Clinic,"1st Stage, BTM Layout",South-East,No (Maps / Justdial),4.7,190+,'+91 98450 53929 / 080 2668 1190,Interactive clear aligner vs braces comparison tool with monthly EMI calculator for IT workers in BTM.,https://wa.me/919845053929
23,Smile Care Dental & Implant Centre,"2nd Stage, BTM",South-East,No (Practo only),4.8,175+,'+91 98451 90234 / 080 2668 4450,Implant case gallery with video testimonials to win 40k+ full-arch procedure cases over corporate clinics.,https://wa.me/919845190234
24,Jeevan Dental Clinic,"3rd Block, Koramangala",South-East,No (Aggregator only),5.0,120+,'+91 98450 67120 / 080 2553 4519,Premium responsive site with instant booking tailored for Koramangala startup founders and tech teams.,https://wa.me/919845067120
25,Puredent Dental Clinic,BTM / Koramangala Link,South-East,No (Practo listing only),4.8,115+,'+91 99161 44209 / 080 4146 7710,Eliminate 15-20% aggregator booking deductions by shifting patient re-booking onto their own domain.,https://wa.me/919916144209
26,Sathyadeep Dental Clinic,"2nd Stage, BTM Layout",South-East,No (Justdial only),4.6,80+,'+91 98862 33410 / 080 2678 9912,Single-sitting root canal landing page with video FAQs addressing patient fear of dental pain.,https://wa.me/919886233410
27,Neha Multi Speciality Dental Clinic,"Sector 1/2, HSR Layout",South-East,No (Google Maps / Video only),4.8,160+,'+91 97411 22904 / 080 4110 3391,Online 3D smile-simulation funnel where tech-savvy HSR patients upload a selfie for an initial orthodontic assessment.,https://wa.me/919741122904
28,Amar Jyothi Dental Clinic,"1st Stage, Indiranagar",East,No (Magicpin / Practo),4.7,100+,'+91 84318 07544 / 080 2528 1190,Bespoke site highlighting Dr. Rupa's 15+ years experience to capture affluent Indiranagar residents seeking premium care.,https://wa.me/918431807544
29,Benaka Dental Clinic,Mallathahalli / South-West,West,No (TimesMed / Practo),4.6,90+,'+91 94480 66120 / 080 2321 4490,Dedicated website detailing dental implant options with zero-cost EMI breakdowns to remove pricing friction.,https://wa.me/919448066120
30,New Dental Solutions Clinic,"CMH Road, Indiranagar",East,No (Directory only),4.5,70+,'+91 98860 11920 / 080 2521 3490,"Transition from low-ticket walk-in visits to pre-booked, high-margin cosmetic whitening and aligner cases.",https://wa.me/919886011920
31,Crown Dental Care,"Neeladri Nagar, Electronic City",South-East,No (Practo / Justdial),5.0,180+,'+91 90193 59639 / 080 4219 2710,Automated after-hours web booking so tech professionals in E-City can schedule late in the evening without calling.,https://wa.me/919019359639
32,32 Smiles Multispecialty Clinic,Whitefield Main Road,East,No (Practo profile only),4.6,140+,'+91 99001 88410 / 080 2845 3320,Multi-specialist portfolio website with digital doctor bios for corporate and expat families in Whitefield.,https://wa.me/919900188410
33,Dental Profiles,Bellandur ORR,South-East,No (Justdial only),4.8,135+,'+91 98452 88190 / 080 4160 5512,Sleek aesthetic dentistry website with 1-tap WhatsApp chat for Outer Ring Road software engineers.,https://wa.me/919845288190
34,You Smile Dental Clinic,"Near ITPL, Whitefield",East,No (Directory only),4.7,120+,'+91 98864 77120 / 080 4125 6690,Corporate Dental Wellness landing page to partner with IT companies for annual employee dental checkups.,https://wa.me/919886477120
35,Lifetime Dental Clinic,Marathahalli,East,No (Listing only),4.7,110+,'+91 98454 14281 / 080 4112 1397,Online warranty registration portal for crowns and bridges on your own site to build trust and recurring visits.,https://wa.me/919845414281
36,Dent - O - Care Multispeciality,Bellandur,South-East,No (Practo only),4.7,105+,'+91 99160 22340 / 080 4171 8890,Local SEO targeting keywords like 'Root Canal Specialist Bellandur' to beat corporate dental chains organically.,https://wa.me/919916022340
37,SmileCure Multispeciality Clinic,Marathahalli Bridge,East,No (Justdial listing),4.6,95+,'+91 97410 44901 / 080 4153 2290,Mobile website with Google Review embeds and GPS directions widget to guide busy junction commuters.,https://wa.me/919741044901
38,Balaji Dental Clinic,"Hosa Road, Electronic City",South-East,No (Directory only),4.5,85+,'+91 98453 11902 / 080 2852 4410,Landing page targeting 'Dentist near Hosa Road' to capture thousands moving into new high-rise apartments.,https://wa.me/919845311902
39,Advanced Dental Care Centre,Yelahanka New Town,North,No (Justdial / Practo),4.5,1900+,'+91 94495 45157 / 080 2846 1190,24/7 Emergency Dental hotline landing page with instant GPS navigation to dominate North Bangalore's emergency market.,https://wa.me/919449545157
40,Dr. Shetty's Dental Care,Banaswadi Main Road,North-East,No (Dentee / Justdial),4.7,150+,'+91 98455 23139 / 080 4155 8558,Interactive 'Laser vs Traditional Drilling' visual guide to command premium fees for painless laser dentistry.,https://wa.me/919845523139
41,Shree Dental Clinic,"HRBR Layout, Kalyan Nagar",North-East,No (Practo listing only),4.8,140+,'+91 98450 33490 / 080 2543 1120,Premium digital clinic experience with online intake forms tailored for upscale HRBR Layout residents.,https://wa.me/919845033490
42,Delta Dental Care,"Dinnur Main Road, RT Nagar",North,No (Directory only),4.7,130+,'+91 98455 77120 / 080 2333 4410,"Dominate organic local Google searches across RT Nagar, Ganganagar, and Hebbal with local schema.",https://wa.me/919845577120
43,Doctors Dental Clinic,Kammanahalli Main Road,North-East,No (Practo only),4.6,115+,'+91 97401 55902 / 080 2545 6610,Live slot booking portal to smooth patient arrivals and cut long waiting room congestion on busy high street.,https://wa.me/919740155902
44,Family Dental Care & Implant Center,Kalyan Nagar,North-East,No (Justdial only),4.7,90+,'+91 98861 22904 / 080 2542 7780,Dedicated page on geriatric care and immediate implants helping adult children book treatments for senior parents.,https://wa.me/919886122904
45,Aspen Dental Care,RT Nagar,North,No (Practo only),4.6,85+,'+91 98863 44109 / 080 2353 9920,Procedure breakdown pages for cosmetic veneers and single-sitting root canals with transparent cost roadmaps.,https://wa.me/919886344109
46,Lalitha Dental Care,Kammanahalli,North-East,No (Directory only),4.5,65+,'+91 99004 11920 / 080 2544 3390,Reassuring landing page with patient video reviews to build trust with nervous first-time visitors.,https://wa.me/919900411920
47,Prashanth Dental Clinic,Vijayanagar,West,No (Practo / Facebook only),4.8,1500+,'+91 80508 02233 / 080 2335 2628,"With 25+ years experience and 1500+ reviews, a custom website directly captures high-ticket Invisalign and smile makeover cases.",https://wa.me/918050802233
48,Dental Experts Super Speciality,"3rd Block, Rajajinagar",West,No (Justdial / Dentee),4.8,170+,'+91 73495 37927 / 080 2315 4490,Surgical authority site for full-arch implants and bone grafting referrals across West Bangalore.,https://wa.me/917349537927
49,Sapthagiri Dental Clinic,"2nd Stage, Nagarbhavi",West,No (Justdial / Practo),4.5,120+,'+91 94482 55267 / 080 2321 7780,Tooth replacement showcase with patient testimonials to capture patients across Nagarbhavi and Kengeri.,https://wa.me/919448255267
50,Sri Vinayaka Dental Clinic,"RPC Layout, Vijayanagar",West,No (Directory only),4.6,80+,'+91 98452 11904 / 080 2338 7710,Clean localized site with transparent denture packages to become RPC Layout's #1 trusted family choice.,https://wa.me/919845211904
